placement_id,person_id,identity_key,legacy_person_id_v0_2,name,outlet,selection_date,selection_year,cohort_unit,list_title,design,selection_mechanism,domain,rank,rank_known,selection_score,selection_score_type,series_order,target_horizon,baseline_peak_through_t0,post_t0_peak_score,outcome_assessable,advancement_delta,advancement_class,major_ge3,apex_eq4,death_truncated,source_schema
pl-3e031b4078009e,ko-f227d7e44af7,정동영,ko-f227d7e44af7,정동영,뉴스메이커,2003-05-30,2003,newsmaker_2003_politics_top10,차세대 리더 정치·경제,ranked_topN,expert_survey,politics,1.0,True,,,,,2,4,True,2,advanced,True,True,False,newsmaker_2003_outcomes_v0_3
pl-628d9827d56a6b,ko-f1f4f967e0b0,김근태,ko-f1f4f967e0b0,김근태,뉴스메이커,2003-05-30,2003,newsmaker_2003_politics_top10,차세대 리더 정치·경제,ranked_topN,expert_survey,politics,2.0,True,,,,,2,3,True,1,advanced,True,False,False,newsmaker_2003_outcomes_v0_3
pl-fcd14963103b7a,ko-70225bb82f98,손학규,ko-70225bb82f98,손학규,뉴스메이커,2003-05-30,2003,newsmaker_2003_politics_top10,차세대 리더 정치·경제,ranked_topN,expert_survey,politics,3.0,True,,,,,3,3,True,0,sustained_high,True,False,False,newsmaker_2003_outcomes_v0_3
pl-934e18747a1ad1,ko-241873e69979,유시민,ko-241873e69979,유시민,뉴스메이커,2003-05-30,2003,newsmaker_2003_politics_top10,차세대 리더 정치·경제,ranked_topN,expert_survey,politics,4.0,True,,,,,2,3,True,1,advanced,True,False,False,newsmaker_2003_outcomes_v0_3
pl-1348af506a148c,ko-111ad6219899,강금실,ko-111ad6219899,강금실,뉴스메이커,2003-05-30,2003,newsmaker_2003_politics_top10,차세대 리더 정치·경제,ranked_topN,expert_survey,politics,5.0,True,,,,,3,3,True,0,sustained_high,True,False,False,newsmaker_2003_outcomes_v0_3
pl-cf57637b2f5423,ko-dbb9e72858b2,추미애,ko-dbb9e72858b2,추미애,뉴스메이커,2003-05-30,2003,newsmaker_2003_politics_top10,차세대 리더 정치·경제,ranked_topN,expert_survey,politics,6.5,True,,,,,2,3,True,1,advanced,True,False,False,newsmaker_2003_outcomes_v0_3
pl-04503fe9bcf292,ko-5dd7ad44449e,권영길,ko-5dd7ad44449e,권영길,뉴스메이커,2003-05-30,2003,newsmaker_2003_politics_top10,차세대 리더 정치·경제,ranked_topN,expert_survey,politics,6.5,True,,,,,4,4,True,0,sustained_high,True,True,False,newsmaker_2003_outcomes_v0_3
pl-21f63d53d65d37,ko-42420bd89139,이부영,ko-42420bd89139,이부영,뉴스메이커,2003-05-30,2003,newsmaker_2003_politics_top10,차세대 리더 정치·경제,ranked_topN,expert_survey,politics,8.0,True,,,,,2,3,True,1,advanced,True,False,False,newsmaker_2003_outcomes_v0_3
pl-2b4346f2dcd58c,ko-6cd22bfd1967,천정배,ko-6cd22bfd1967,천정배,뉴스메이커,2003-05-30,2003,newsmaker_2003_politics_top10,차세대 리더 정치·경제,ranked_topN,expert_survey,politics,9.5,True,,,,,2,3,True,1,advanced,True,False,False,newsmaker_2003_outcomes_v0_3
pl-599aac22c47455,ko-d5731511b6b2,강재섭,ko-d5731511b6b2,강재섭,뉴스메이커,2003-05-30,2003,newsmaker_2003_politics_top10,차세대 리더 정치·경제,ranked_topN,expert_survey,politics,9.5,True,,,,,2,3,True,1,advanced,True,False,False,newsmaker_2003_outcomes_v0_3
pl-3a864a15d981a6,ko-fa3db6d9c9c0,안철수,ko-fa3db6d9c9c0,안철수,뉴스메이커,2003-05-30,2003,newsmaker_2003_economy_top5,차세대 리더 정치·경제,ranked_topN,expert_survey,economy,1.0,True,,,,,2,4,True,2,advanced,True,True,False,newsmaker_2003_outcomes_v0_3
pl-79e3a327251587,ko-99dbcd18c322,장하성,ko-99dbcd18c322,장하성,뉴스메이커,2003-05-30,2003,newsmaker_2003_economy_top5,차세대 리더 정치·경제,ranked_topN,expert_survey,economy,2.0,True,,,,,2,4,True,2,advanced,True,True,False,newsmaker_2003_outcomes_v0_3
pl-f4c7a67960e5e2,ko-fc14bfc937bd,강철규,ko-fc14bfc937bd,강철규,뉴스메이커,2003-05-30,2003,newsmaker_2003_economy_top5,차세대 리더 정치·경제,ranked_topN,expert_survey,economy,3.0,True,,,,,3,3,True,0,sustained_high,True,False,False,newsmaker_2003_outcomes_v0_3
pl-b04e91e81c6627,ko-2f2eacc1442e,정운찬,ko-2f2eacc1442e,정운찬,뉴스메이커,2003-05-30,2003,newsmaker_2003_economy_top5,차세대 리더 정치·경제,ranked_topN,expert_survey,economy,4.0,True,,,,,3,4,True,1,advanced,True,True,False,newsmaker_2003_outcomes_v0_3
pl-74eef37011f603,ko-39a0579cceac,이재용,ko-39a0579cceac,이재용,뉴스메이커,2003-05-30,2003,newsmaker_2003_economy_top5,차세대 리더 정치·경제,ranked_topN,expert_survey,economy,5.0,True,,,,,2,4,True,2,advanced,True,True,False,newsmaker_2003_outcomes_v0_3
pl-24536a05b91818,ko-8c3acdfa3c4b,고건,ko-8c3acdfa3c4b,고건,한겨레21,2004-09-20,2004,h21_2004_politics_top10,차세대 리더 여론조사 Top10,ranked_topN,public_opinion_survey,politics,1,True,,,,,4,3,True,-1,lower_than_baseline,True,False,False,h21_2004_outcomes_v0_1
pl-d5068b57b5b058,ko-111ad6219899,강금실,ko-111ad6219899,강금실,한겨레21,2004-09-20,2004,h21_2004_politics_top10,차세대 리더 여론조사 Top10,ranked_topN,public_opinion_survey,politics,2,True,,,,,3,3,True,0,sustained_high,True,False,False,h21_2004_outcomes_v0_1
pl-2cfd1e223c9276,ko-1515dbd67779,박근혜,ko-1515dbd67779,박근혜,한겨레21,2004-09-20,2004,h21_2004_politics_top10,차세대 리더 여론조사 Top10,ranked_topN,public_opinion_survey,politics,3,True,,,,,3,4,True,1,advanced,True,True,False,h21_2004_outcomes_v0_1
pl-4f8b961899e99f,ko-294289cf76ed,이회창,ko-294289cf76ed,이회창,한겨레21,2004-09-20,2004,h21_2004_politics_top10,차세대 리더 여론조사 Top10,ranked_topN,public_opinion_survey,politics,4,True,,,,,4,4,True,0,sustained_high,True,True,False,h21_2004_outcomes_v0_1
pl-564d18e4ffa64b,ko-409d25902dc5,정몽준,ko-409d25902dc5,정몽준,한겨레21,2004-09-20,2004,h21_2004_politics_top10,차세대 리더 여론조사 Top10,ranked_topN,public_opinion_survey,politics,5,True,,,,,4,3,True,-1,lower_than_baseline,True,False,False,h21_2004_outcomes_v0_1
pl-0f4cb14dab98a0,ko-f227d7e44af7,정동영,ko-f227d7e44af7,정동영,한겨레21,2004-09-20,2004,h21_2004_politics_top10,차세대 리더 여론조사 Top10,ranked_topN,public_opinion_survey,politics,6,True,,,,,3,4,True,1,advanced,True,True,False,h21_2004_outcomes_v0_1
pl-b0ccaa84898e66,ko-5dd7ad44449e,권영길,ko-5dd7ad44449e,권영길,한겨레21,2004-09-20,2004,h21_2004_politics_top10,차세대 리더 여론조사 Top10,ranked_topN,public_opinion_survey,politics,7,True,,,,,4,4,True,0,sustained_high,True,True,False,h21_2004_outcomes_v0_1
pl-a59b89524b6c0d,ko-8948193c3193,이명박,ko-8948193c3193,이명박,한겨레21,2004-09-20,2004,h21_2004_politics_top10,차세대 리더 여론조사 Top10,ranked_topN,public_opinion_survey,politics,8,True,,,,,3,4,True,1,advanced,True,True,False,h21_2004_outcomes_v0_1
pl-1bc5ee1fa28e3b,ko-dbb9e72858b2,추미애,ko-dbb9e72858b2,추미애,한겨레21,2004-09-20,2004,h21_2004_politics_top10,차세대 리더 여론조사 Top10,ranked_topN,public_opinion_survey,politics,9,True,,,,,2,3,True,1,advanced,True,False,False,h21_2004_outcomes_v0_1
pl-f1cbc632ae4387,ko-54561f707b63,이해찬,ko-54561f707b63,이해찬,한겨레21,2004-09-20,2004,h21_2004_politics_top10,차세대 리더 여론조사 Top10,ranked_topN,public_opinion_survey,politics,10,True,,,,,3,3,True,0,sustained_high,True,False,False,h21_2004_outcomes_v0_1
pl-980d5f49c80132,ko-72dce5615c37,김연아,ko-72dce5615c37,김연아,동아일보,2010-05-10,2010,donga_2010_2020_100,2020년 한국을 빛낼 100인,broad_screening_explicit_horizon,editorial_expert_screening,자유로운 창조인,,False,,,,2020,4,4,True,0,sustained_high,True,True,False,donga_2010_post_t0_peak_master_v1_2
pl-0285a676a84f2e,ko-d74398eb1d49,김윤진,ko-d74398eb1d49,김윤진,동아일보,2010-05-10,2010,donga_2010_2020_100,2020년 한국을 빛낼 100인,broad_screening_explicit_horizon,editorial_expert_screening,자유로운 창조인,,False,,,,2020,3,3,True,0,sustained_high,True,False,False,donga_2010_post_t0_peak_master_v1_2
pl-2922625e5d26e4,ko-853e78166b9f,김현수,ko-853e78166b9f,김현수,동아일보,2010-05-10,2010,donga_2010_2020_100,2020년 한국을 빛낼 100인,broad_screening_explicit_horizon,editorial_expert_screening,자유로운 창조인,,False,,,,2020,2,3,True,1,advanced,True,False,False,donga_2010_post_t0_peak_master_v1_2
pl-bba308e9f89031,ko-62fd31cd4a86,노희경,ko-62fd31cd4a86,노희경,동아일보,2010-05-10,2010,donga_2010_2020_100,2020년 한국을 빛낼 100인,broad_screening_explicit_horizon,editorial_expert_screening,자유로운 창조인,,False,,,,2020,2,3,True,1,advanced,True,False,False,donga_2010_post_t0_peak_master_v1_2
pl-f00ad52bba72a0,ko-85da67d337f3,박민규,ko-85da67d337f3,박민규,동아일보,2010-05-10,2010,donga_2010_2020_100,2020년 한국을 빛낼 100인,broad_screening_explicit_horizon,editorial_expert_screening,자유로운 창조인,,False,,,,2020,2,2,True,0,no_clear_advancement,False,False,False,donga_2010_post_t0_peak_master_v1_2
pl-269e39bd8bbf57,ko-03a7a1e5f002,박성훈,ko-03a7a1e5f002,박성훈,동아일보,2010-05-10,2010,donga_2010_2020_100,2020년 한국을 빛낼 100인,broad_screening_explicit_horizon,editorial_expert_screening,자유로운 창조인,,False,,,,2020,2,2,True,0,no_clear_advancement,False,False,False,donga_2010_post_t0_peak_master_v1_2
pl-ba0d6e5cc28694,ko-e8d74d9cd2a2,박진영,ko-e8d74d9cd2a2,박진영,동아일보,2010-05-10,2010,donga_2010_2020_100,2020년 한국을 빛낼 100인,broad_screening_explicit_horizon,editorial_expert_screening,자유로운 창조인,,False,,,,2020,3,3,True,0,sustained_high,True,False,False,donga_2010_post_t0_peak_master_v1_2
pl-a2156c96c9b2d0,ko-44df17daee2c,봉준호,ko-44df17daee2c,봉준호,동아일보,2010-05-10,2010,donga_2010_2020_100,2020년 한국을 빛낼 100인,broad_screening_explicit_horizon,editorial_expert_screening,자유로운 창조인,,False,,,,2020,3,4,True,1,advanced,True,True,False,donga_2010_post_t0_peak_master_v1_2
pl-6a2ab659cdefd2,ko-67befa340f9e,서도호,ko-67befa340f9e,서도호,동아일보,2010-05-10,2010,donga_2010_2020_100,2020년 한국을 빛낼 100인,broad_screening_explicit_horizon,editorial_expert_screening,자유로운 창조인,,False,,,,2020,3,3,True,0,sustained_high,True,False,False,donga_2010_post_t0_peak_master_v1_2
pl-f2a237e7d9e0b2,ko-d13086d61775,신경숙,ko-d13086d61775,신경숙,동아일보,2010-05-10,2010,donga_2010_2020_100,2020년 한국을 빛낼 100인,broad_screening_explicit_horizon,editorial_expert_screening,자유로운 창조인,,False,,,,2020,2,3,True,1,advanced,True,False,False,donga_2010_post_t0_peak_master_v1_2
pl-2ab3f2cbafe1d7,ko-ddfc17a4eea7,신지애,ko-ddfc17a4eea7,신지애,동아일보,2010-05-10,2010,donga_2010_2020_100,2020년 한국을 빛낼 100인,broad_screening_explicit_horizon,editorial_expert_screening,자유로운 창조인,,False,,,,2020,4,4,True,0,sustained_high,True,True,False,donga_2010_post_t0_peak_master_v1_2
pl-9e7b671ea5e9e7,ko-f3c544ab6fd1,심승현,ko-f3c544ab6fd1,심승현,동아일보,2010-05-10,2010,donga_2010_2020_100,2020년 한국을 빛낼 100인,broad_screening_explicit_horizon,editorial_expert_screening,자유로운 창조인,,False,,,,2020,2,2,True,0,no_clear_advancement,False,False,False,donga_2010_post_t0_peak_master_v1_2
pl-9aa46fd5e56af3,ko-0f8e60729c0b,양성원,ko-0f8e60729c0b,양성원,동아일보,2010-05-10,2010,donga_2010_2020_100,2020년 한국을 빛낼 100인,broad_screening_explicit_horizon,editorial_expert_screening,자유로운 창조인,,False,,,,2020,2,2,True,0,no_clear_advancement,False,False,False,donga_2010_post_t0_peak_master_v1_2
pl-005599a56c0c52,ko-c6900f5d94a1,이청용,ko-c6900f5d94a1,이청용,동아일보,2010-05-10,2010,donga_2010_2020_100,2020년 한국을 빛낼 100인,broad_screening_explicit_horizon,editorial_expert_screening,자유로운 창조인,,False,,,,2020,3,3,True,0,sustained_high,True,False,False,donga_2010_post_t0_peak_master_v1_2
pl-7b0391e8d3da61,ko-b8bee0f02482,장한나,ko-b8bee0f02482,장한나,동아일보,2010-05-10,2010,donga_2010_2020_100,2020년 한국을 빛낼 100인,broad_screening_explicit_horizon,editorial_expert_screening,자유로운 창조인,,False,,,,2020,3,3,True,0,sustained_high,True,False,False,donga_2010_post_t0_peak_master_v1_2
pl-d66a4e8e3c5f39,ko-81755ae54584,정연두,ko-81755ae54584,정연두,동아일보,2010-05-10,2010,donga_2010_2020_100,2020년 한국을 빛낼 100인,broad_screening_explicit_horizon,editorial_expert_screening,자유로운 창조인,,False,,,,2020,2,3,True,1,advanced,True,False,False,donga_2010_post_t0_peak_master_v1_2
pl-00a2735895a882,ko-656f1fbbdd8b,정욱준,ko-656f1fbbdd8b,정욱준,동아일보,2010-05-10,2010,donga_2010_2020_100,2020년 한국을 빛낼 100인,broad_screening_explicit_horizon,editorial_expert_screening,자유로운 창조인,,False,,,,2020,2,3,True,1,advanced,True,False,False,donga_2010_post_t0_peak_master_v1_2
pl-9e5043c3370024,ko-73d3a6c28270,조성진,ko-73d3a6c28270,조성진,동아일보,2010-05-10,2010,donga_2010_2020_100,2020년 한국을 빛낼 100인,broad_screening_explicit_horizon,editorial_expert_screening,자유로운 창조인,,False,,,,2020,3,4,True,1,advanced,True,True,False,donga_2010_post_t0_peak_master_v1_2
pl-5cecab55f8858c,ko-bfe8753ca9ab,최은석,ko-bfe8753ca9ab,최은석,동아일보,2010-05-10,2010,donga_2010_2020_100,2020년 한국을 빛낼 100인,broad_screening_explicit_horizon,editorial_expert_screening,자유로운 창조인,,False,,,,2020,2,3,True,1,advanced,True,False,True,donga_2010_post_t0_peak_master_v1_2
pl-18f2b37308e89f,ko-d34323111008,홍명보,ko-d34323111008,홍명보,동아일보,2010-05-10,2010,donga_2010_2020_100,2020년 한국을 빛낼 100인,broad_screening_explicit_horizon,editorial_expert_screening,자유로운 창조인,,False,,,,2020,3,3,True,0,sustained_high,True,False,False,donga_2010_post_t0_peak_master_v1_2
pl-43caf7a795f36a,ko-5a704efef1c7,김광수,ko-5a704efef1c7,김광수,동아일보,2010-05-10,2010,donga_2010_2020_100,2020년 한국을 빛낼 100인,broad_screening_explicit_horizon,editorial_expert_screening,꿈꾸는 개척가,,False,,,,2020,3,3,True,0,sustained_high,True,False,False,donga_2010_post_t0_peak_master_v1_2
pl-0aa6d54ec9e78e,ko-6ecc2385f00b,김기문,ko-6ecc2385f00b,김기문,동아일보,2010-05-10,2010,donga_2010_2020_100,2020년 한국을 빛낼 100인,broad_screening_explicit_horizon,editorial_expert_screening,꿈꾸는 개척가,,False,,,,2020,3,3,True,0,sustained_high,True,False,False,donga_2010_post_t0_peak_master_v1_2
pl-6d3f36ef36e942,ko-f1e800805488,김빛내리,ko-f1e800805488,김빛내리,동아일보,2010-05-10,2010,donga_2010_2020_100,2020년 한국을 빛낼 100인,broad_screening_explicit_horizon,editorial_expert_screening,꿈꾸는 개척가,,False,,,,2020,3,3,True,0,sustained_high,True,False,False,donga_2010_post_t0_peak_master_v1_2
pl-d95b276b40c178,ko-cc5fcc21d36f,김정범,ko-cc5fcc21d36f,김정범,동아일보,2010-05-10,2010,donga_2010_2020_100,2020년 한국을 빛낼 100인,broad_screening_explicit_horizon,editorial_expert_screening,꿈꾸는 개척가,,False,,,,2020,2,2,True,0,no_clear_advancement,False,False,False,donga_2010_post_t0_peak_master_v1_2
pl-5c3fe3a11fd6fa,ko-bac155dd2dc5,김창진,ko-bac155dd2dc5,김창진,동아일보,2010-05-10,2010,donga_2010_2020_100,2020년 한국을 빛낼 100인,broad_screening_explicit_horizon,editorial_expert_screening,꿈꾸는 개척가,,False,,,,2020,2,3,True,1,advanced,True,False,False,donga_2010_post_t0_peak_master_v1_2
pl-f58f4b8e75d383,ko-dfea3954bcfe,김필립,ko-dfea3954bcfe,김필립,동아일보,2010-05-10,2010,donga_2010_2020_100,2020년 한국을 빛낼 100인,broad_screening_explicit_horizon,editorial_expert_screening,꿈꾸는 개척가,,False,,,,2020,3,3,True,0,sustained_high,True,False,False,donga_2010_post_t0_peak_master_v1_2
pl-3c9a2e2e368629,ko-29befd23aa48,김호근,ko-29befd23aa48,김호근,동아일보,2010-05-10,2010,donga_2010_2020_100,2020년 한국을 빛낼 100인,broad_screening_explicit_horizon,editorial_expert_screening,꿈꾸는 개척가,,False,,,,2020,2,2,True,0,no_clear_advancement,False,False,False,donga_2010_post_t0_peak_master_v1_2
pl-d990da5713fbcd,ko-38b1f37d6171,남홍길,ko-38b1f37d6171,남홍길,동아일보,2010-05-10,2010,donga_2010_2020_100,2020년 한국을 빛낼 100인,broad_screening_explicit_horizon,editorial_expert_screening,꿈꾸는 개척가,,False,,,,2020,3,3,True,0,sustained_high,True,False,False,donga_2010_post_t0_peak_master_v1_2
pl-b1c8ff4c704cbf,ko-8acce0c0ebed,박승정,ko-8acce0c0ebed,박승정,동아일보,2010-05-10,2010,donga_2010_2020_100,2020년 한국을 빛낼 100인,broad_screening_explicit_horizon,editorial_expert_screening,꿈꾸는 개척가,,False,,,,2020,3,3,True,0,sustained_high,True,False,False,donga_2010_post_t0_peak_master_v1_2
pl-10f418eaa6beee,ko-f0dc8adbbf3e,박홍근,ko-f0dc8adbbf3e,박홍근,동아일보,2010-05-10,2010,donga_2010_2020_100,2020년 한국을 빛낼 100인,broad_screening_explicit_horizon,editorial_expert_screening,꿈꾸는 개척가,,False,,,,2020,3,3,True,0,sustained_high,True,False,False,donga_2010_post_t0_peak_master_v1_2
pl-ad812c5772e7d8,ko-bbb426c94c22,서동철,ko-bbb426c94c22,서동철,동아일보,2010-05-10,2010,donga_2010_2020_100,2020년 한국을 빛낼 100인,broad_screening_explicit_horizon,editorial_expert_screening,꿈꾸는 개척가,,False,,,,2020,3,3,True,0,sustained_high,True,False,True,donga_2010_post_t0_peak_master_v1_2
pl-6e805b12553ec0,ko-914a6e4086c4,신재원,ko-914a6e4086c4,신재원,동아일보,2010-05-10,2010,donga_2010_2020_100,2020년 한국을 빛낼 100인,broad_screening_explicit_horizon,editorial_expert_screening,꿈꾸는 개척가,,False,,,,2020,3,3,True,0,sustained_high,True,False,False,donga_2010_post_t0_peak_master_v1_2
pl-b767cadfa066eb,ko-fa3db6d9c9c0,안철수,ko-fa3db6d9c9c0,안철수,동아일보,2010-05-10,2010,donga_2010_2020_100,2020년 한국을 빛낼 100인,broad_screening_explicit_horizon,editorial_expert_screening,꿈꾸는 개척가,,False,,,,2020,3,4,True,1,advanced,True,True,False,donga_2010_post_t0_peak_master_v1_2
pl-4ca707ad8b750b,ko-13ab0e3b7e91,이상엽,ko-13ab0e3b7e91,이상엽,동아일보,2010-05-10,2010,donga_2010_2020_100,2020년 한국을 빛낼 100인,broad_screening_explicit_horizon,editorial_expert_screening,꿈꾸는 개척가,,False,,,,2020,3,3,True,0,sustained_high,True,False,False,donga_2010_post_t0_peak_master_v1_2
pl-ed73d82605bde1,ko-8b2ddf545a96,이상훈,ko-8b2ddf545a96,이상훈,동아일보,2010-05-10,2010,donga_2010_2020_100,2020년 한국을 빛낼 100인,broad_screening_explicit_horizon,editorial_expert_screening,꿈꾸는 개척가,,False,,,,2020,3,3,True,0,sustained_high,True,False,False,donga_2010_post_t0_peak_master_v1_2
pl-97e4a9f6109fce,ko-cd3552ac85cd,이소연,ko-cd3552ac85cd,이소연,동아일보,2010-05-10,2010,donga_2010_2020_100,2020년 한국을 빛낼 100인,broad_screening_explicit_horizon,editorial_expert_screening,꿈꾸는 개척가,,False,,,,2020,3,3,True,0,sustained_high,True,False,False,donga_2010_post_t0_peak_master_v1_2
pl-1aa8666eaa912c,ko-b25376193c71,이지오,ko-b25376193c71,이지오,동아일보,2010-05-10,2010,donga_2010_2020_100,2020년 한국을 빛낼 100인,broad_screening_explicit_horizon,editorial_expert_screening,꿈꾸는 개척가,,False,,,,2020,3,3,True,0,sustained_high,True,False,False,donga_2010_post_t0_peak_master_v1_2
pl-20b48fd1e0af1a,ko-dca59d031d64,이효철,ko-dca59d031d64,이효철,동아일보,2010-05-10,2010,donga_2010_2020_100,2020년 한국을 빛낼 100인,broad_screening_explicit_horizon,editorial_expert_screening,꿈꾸는 개척가,,False,,,,2020,3,3,True,0,sustained_high,True,False,False,donga_2010_post_t0_peak_master_v1_2
pl-6d2234fde82c77,ko-f9605fafd7b6,임지순,ko-f9605fafd7b6,임지순,동아일보,2010-05-10,2010,donga_2010_2020_100,2020년 한국을 빛낼 100인,broad_screening_explicit_horizon,editorial_expert_screening,꿈꾸는 개척가,,False,,,,2020,3,3,True,0,sustained_high,True,False,False,donga_2010_post_t0_peak_master_v1_2
pl-0dd9847e99c8dd,ko-b46f83cacd9f,정경민,ko-b46f83cacd9f,정경민,동아일보,2010-05-10,2010,donga_2010_2020_100,2020년 한국을 빛낼 100인,broad_screening_explicit_horizon,editorial_expert_screening,꿈꾸는 개척가,,False,,,,2020,2,2,True,0,no_clear_advancement,False,False,False,donga_2010_post_t0_peak_master_v1_2
pl-93d104621ce176,ko-bc8ddfa8a833,정하웅,ko-bc8ddfa8a833,정하웅,동아일보,2010-05-10,2010,donga_2010_2020_100,2020년 한국을 빛낼 100인,broad_screening_explicit_horizon,editorial_expert_screening,꿈꾸는 개척가,,False,,,,2020,3,3,True,0,sustained_high,True,False,False,donga_2010_post_t0_peak_master_v1_2
pl-491f6375a55b6b,ko-a33fdb917221,조동호,ko-a33fdb917221,조동호,동아일보,2010-05-10,2010,donga_2010_2020_100,2020년 한국을 빛낼 100인,broad_screening_explicit_horizon,editorial_expert_screening,꿈꾸는 개척가,,False,,,,2020,3,3,True,0,sustained_high,True,False,False,donga_2010_post_t0_peak_master_v1_2
pl-cfd5d87fc9af32,ko-e933083bb961,주영석,ko-e933083bb961,주영석,동아일보,2010-05-10,2010,donga_2010_2020_100,2020년 한국을 빛낼 100인,broad_screening_explicit_horizon,editorial_expert_screening,꿈꾸는 개척가,,False,,,,2020,2,3,True,1,advanced,True,False,False,donga_2010_post_t0_peak_master_v1_2
pl-1de70def2edd84,ko-952e2f525e15,찰스 리,ko-952e2f525e15,찰스 리,동아일보,2010-05-10,2010,donga_2010_2020_100,2020년 한국을 빛낼 100인,broad_screening_explicit_horizon,editorial_expert_screening,꿈꾸는 개척가,,False,,,,2020,3,3,True,0,sustained_high,True,False,False,donga_2010_post_t0_peak_master_v1_2
pl-cfee907df66268,ko-59d2ad9957db,현택환,ko-59d2ad9957db,현택환,동아일보,2010-05-10,2010,donga_2010_2020_100,2020년 한국을 빛낼 100인,broad_screening_explicit_horizon,editorial_expert_screening,꿈꾸는 개척가,,False,,,,2020,3,3,True,0,sustained_high,True,False,False,donga_2010_post_t0_peak_master_v1_2
pl-24d555aaa519ff,ko-7d36b6cb20bb,김강립,ko-7d36b6cb20bb,김강립,동아일보,2010-05-10,2010,donga_2010_2020_100,2020년 한국을 빛낼 100인,broad_screening_explicit_horizon,editorial_expert_screening,행동하는 지성인,,False,,,,2020,2,3,True,1,advanced,True,False,False,donga_2010_post_t0_peak_master_v1_2
pl-79f6fb1f11417b,ko-b0f691c9045f,김숙정,ko-b0f691c9045f,김숙정,동아일보,2010-05-10,2010,donga_2010_2020_100,2020년 한국을 빛낼 100인,broad_screening_explicit_horizon,editorial_expert_screening,행동하는 지성인,,False,,,,2020,2,2,True,0,no_clear_advancement,False,False,False,donga_2010_post_t0_peak_master_v1_2
pl-42a47030f785aa,ko-e1495b0cda2e,김용,ko-e1495b0cda2e,김용,동아일보,2010-05-10,2010,donga_2010_2020_100,2020년 한국을 빛낼 100인,broad_screening_explicit_horizon,editorial_expert_screening,행동하는 지성인,,False,,,,2020,3,4,True,1,advanced,True,True,False,donga_2010_post_t0_peak_master_v1_2
pl-b598dc54245c3d,ko-dfa25956468f,김준영,ko-dfa25956468f,김준영,동아일보,2010-05-10,2010,donga_2010_2020_100,2020년 한국을 빛낼 100인,broad_screening_explicit_horizon,editorial_expert_screening,행동하는 지성인,,False,,,,2020,2,3,True,1,advanced,True,False,False,donga_2010_post_t0_peak_master_v1_2
pl-10f802cdabbd48,ko-c3108b31e81d,김해성,ko-c3108b31e81d,김해성,동아일보,2010-05-10,2010,donga_2010_2020_100,2020년 한국을 빛낼 100인,broad_screening_explicit_horizon,editorial_expert_screening,행동하는 지성인,,False,,,,2020,2,2,True,0,no_clear_advancement,False,False,False,donga_2010_post_t0_peak_master_v1_2
pl-29c9974706d594,ko-d64246030c81,김형태,ko-d64246030c81,김형태,동아일보,2010-05-10,2010,donga_2010_2020_100,2020년 한국을 빛낼 100인,broad_screening_explicit_horizon,editorial_expert_screening,행동하는 지성인,,False,,,,2020,2,2,True,0,no_clear_advancement,False,False,False,donga_2010_post_t0_peak_master_v1_2
pl-7aad18738842f5,ko-7d7bc2a0b7fd,박원순,ko-7d7bc2a0b7fd,박원순,동아일보,2010-05-10,2010,donga_2010_2020_100,2020년 한국을 빛낼 100인,broad_screening_explicit_horizon,editorial_expert_screening,행동하는 지성인,,False,,,,2020,2,3,True,1,advanced,True,False,True,donga_2010_post_t0_peak_master_v1_2
pl-dc40e98c78b97f,ko-defcdd502b45,송호근,ko-defcdd502b45,송호근,동아일보,2010-05-10,2010,donga_2010_2020_100,2020년 한국을 빛낼 100인,broad_screening_explicit_horizon,editorial_expert_screening,행동하는 지성인,,False,,,,2020,2,2,True,0,no_clear_advancement,False,False,False,donga_2010_post_t0_peak_master_v1_2
pl-6cc7f7375e5de8,ko-4f87d9929072,염형국,ko-4f87d9929072,염형국,동아일보,2010-05-10,2010,donga_2010_2020_100,2020년 한국을 빛낼 100인,broad_screening_explicit_horizon,editorial_expert_screening,행동하는 지성인,,False,,,,2020,2,2,True,0,no_clear_advancement,False,False,False,donga_2010_post_t0_peak_master_v1_2
pl-586ba6812f78d6,ko-29e9d3ba0153,오충현,ko-29e9d3ba0153,오충현,동아일보,2010-05-10,2010,donga_2010_2020_100,2020년 한국을 빛낼 100인,broad_screening_explicit_horizon,editorial_expert_screening,행동하는 지성인,,False,,,,2020,2,2,True,0,no_clear_advancement,False,False,False,donga_2010_post_t0_peak_master_v1_2
pl-e4ae65e65142e5,ko-47403ef783f5,유근배,ko-47403ef783f5,유근배,동아일보,2010-05-10,2010,donga_2010_2020_100,2020년 한국을 빛낼 100인,broad_screening_explicit_horizon,editorial_expert_screening,행동하는 지성인,,False,,,,2020,2,2,True,0,no_clear_advancement,False,False,False,donga_2010_post_t0_peak_master_v1_2
pl-ea4818369bac24,ko-2f14c07714a7,윤명철,ko-2f14c07714a7,윤명철,동아일보,2010-05-10,2010,donga_2010_2020_100,2020년 한국을 빛낼 100인,broad_screening_explicit_horizon,editorial_expert_screening,행동하는 지성인,,False,,,,2020,2,2,True,0,no_clear_advancement,False,False,False,donga_2010_post_t0_peak_master_v1_2
pl-31eeb7e37e245e,ko-a647081e830b,이광형,ko-a647081e830b,이광형,동아일보,2010-05-10,2010,donga_2010_2020_100,2020년 한국을 빛낼 100인,broad_screening_explicit_horizon,editorial_expert_screening,행동하는 지성인,,False,,,,2020,2,3,True,1,advanced,True,False,False,donga_2010_post_t0_peak_master_v1_2
pl-cb2bf6d03b28e2,ko-1ecf801f0f1d,이명균,ko-1ecf801f0f1d,이명균,동아일보,2010-05-10,2010,donga_2010_2020_100,2020년 한국을 빛낼 100인,broad_screening_explicit_horizon,editorial_expert_screening,행동하는 지성인,,False,,,,2020,2,2,True,0,no_clear_advancement,False,False,False,donga_2010_post_t0_peak_master_v1_2
pl-e9ef0c1a3b54a4,ko-6ce1419e2b03,이연주,ko-6ce1419e2b03,이연주,동아일보,2010-05-10,2010,donga_2010_2020_100,2020년 한국을 빛낼 100인,broad_screening_explicit_horizon,editorial_expert_screening,행동하는 지성인,,False,,,,2020,2,2,True,0,no_clear_advancement,False,False,False,donga_2010_post_t0_peak_master_v1_2
pl-5d0a9a7748202d,ko-e44954f4711c,이은영,ko-e44954f4711c,이은영,동아일보,2010-05-10,2010,donga_2010_2020_100,2020년 한국을 빛낼 100인,broad_screening_explicit_horizon,editorial_expert_screening,행동하는 지성인,,False,,,,2020,2,2,True,0,no_clear_advancement,False,False,False,donga_2010_post_t0_peak_master_v1_2
pl-050a2d5c5bc6c8,ko-093e111d487a,이주호,ko-093e111d487a,이주호,동아일보,2010-05-10,2010,donga_2010_2020_100,2020년 한국을 빛낼 100인,broad_screening_explicit_horizon,editorial_expert_screening,행동하는 지성인,,False,,,,2020,3,3,True,0,sustained_high,True,False,False,donga_2010_post_t0_peak_master_v1_2
pl-d307caa0c0c774,ko-3b135bacf280,임경진,ko-3b135bacf280,임경진,동아일보,2010-05-10,2010,donga_2010_2020_100,2020년 한국을 빛낼 100인,broad_screening_explicit_horizon,editorial_expert_screening,행동하는 지성인,,False,,,,2020,1,2,True,1,advanced,False,False,False,donga_2010_post_t0_peak_master_v1_2
pl-928ffda127ac79,ko-4ad896fa4243,조국,ko-4ad896fa4243,조국,동아일보,2010-05-10,2010,donga_2010_2020_100,2020년 한국을 빛낼 100인,broad_screening_explicit_horizon,editorial_expert_screening,행동하는 지성인,,False,,,,2020,2,3,True,1,advanced,True,False,False,donga_2010_post_t0_peak_master_v1_2
pl-493f704b56499e,ko-12ea854ddd43,한숭희,ko-12ea854ddd43,한숭희,동아일보,2010-05-10,2010,donga_2010_2020_100,2020년 한국을 빛낼 100인,broad_screening_explicit_horizon,editorial_expert_screening,행동하는 지성인,,False,,,,2020,2,2,True,0,no_clear_advancement,False,False,False,donga_2010_post_t0_peak_master_v1_2
pl-e4be774fb24b0f,ko-a4e2939ac509,강덕수,ko-a4e2939ac509,강덕수,동아일보,2010-05-10,2010,donga_2010_2020_100,2020년 한국을 빛낼 100인,broad_screening_explicit_horizon,editorial_expert_screening,도전하는 경제인,,False,,,,2020,3,3,True,0,sustained_high,True,False,False,donga_2010_post_t0_peak_master_v1_2
pl-5feece3f48c23e,ko-a72ae5820973,강방천,ko-a72ae5820973,강방천,동아일보,2010-05-10,2010,donga_2010_2020_100,2020년 한국을 빛낼 100인,broad_screening_explicit_horizon,editorial_expert_screening,도전하는 경제인,,False,,,,2020,2,2,True,0,no_clear_advancement,False,False,False,donga_2010_post_t0_peak_master_v1_2
pl-cf719b21d2100a,ko-2734eeb497de,김재하,ko-2734eeb497de,김재하,동아일보,2010-05-10,2010,donga_2010_2020_100,2020년 한국을 빛낼 100인,broad_screening_explicit_horizon,editorial_expert_screening,도전하는 경제인,,False,,,,2020,2,2,True,0,no_clear_advancement,False,False,False,donga_2010_post_t0_peak_master_v1_2
pl-4010946b714234,ko-6aa92914afd6,김택진,ko-6aa92914afd6,김택진,동아일보,2010-05-10,2010,donga_2010_2020_100,2020년 한국을 빛낼 100인,broad_screening_explicit_horizon,editorial_expert_screening,도전하는 경제인,,False,,,,2020,3,3,True,0,sustained_high,True,False,False,donga_2010_post_t0_peak_master_v1_2
pl-8874a0056ac0a3,ko-9061502fccde,남수정,ko-9061502fccde,남수정,동아일보,2010-05-10,2010,donga_2010_2020_100,2020년 한국을 빛낼 100인,broad_screening_explicit_horizon,editorial_expert_screening,도전하는 경제인,,False,,,,2020,2,2,True,0,no_clear_advancement,False,False,False,donga_2010_post_t0_peak_master_v1_2
pl-34d68c2c68856e,ko-9b63faaed417,박병엽,ko-9b63faaed417,박병엽,동아일보,2010-05-10,2010,donga_2010_2020_100,2020년 한국을 빛낼 100인,broad_screening_explicit_horizon,editorial_expert_screening,도전하는 경제인,,False,,,,2020,2,2,True,0,no_clear_advancement,False,False,False,donga_2010_post_t0_peak_master_v1_2
pl-9a03266b6d4323,ko-61d4c7ae58bb,박인출,ko-61d4c7ae58bb,박인출,동아일보,2010-05-10,2010,donga_2010_2020_100,2020년 한국을 빛낼 100인,broad_screening_explicit_horizon,editorial_expert_screening,도전하는 경제인,,False,,,,2020,2,2,True,0,no_clear_advancement,False,False,False,donga_2010_post_t0_peak_master_v1_2
pl-976bafefde2db4,ko-039cba7604b9,박지영,ko-039cba7604b9,박지영,동아일보,2010-05-10,2010,donga_2010_2020_100,2020년 한국을 빛낼 100인,broad_screening_explicit_horizon,editorial_expert_screening,도전하는 경제인,,False,,,,2020,2,2,True,0,no_clear_advancement,False,False,False,donga_2010_post_t0_peak_master_v1_2
pl-4967599976cf50,ko-ad9411f10382,박현주,ko-ad9411f10382,박현주,동아일보,2010-05-10,2010,donga_2010_2020_100,2020년 한국을 빛낼 100인,broad_screening_explicit_horizon,editorial_expert_screening,도전하는 경제인,,False,,,,2020,3,3,True,0,sustained_high,True,False,False,donga_2010_post_t0_peak_master_v1_2
pl-eeae80653db038,ko-f6a2566b625c,서경배,ko-f6a2566b625c,서경배,동아일보,2010-05-10,2010,donga_2010_2020_100,2020년 한국을 빛낼 100인,broad_screening_explicit_horizon,editorial_expert_screening,도전하는 경제인,,False,,,,2020,3,3,True,0,sustained_high,True,False,False,donga_2010_post_t0_peak_master_v1_2
pl-ba82289c435df8,ko-8ee539860ecf,서정진,ko-8ee539860ecf,서정진,동아일보,2010-05-10,2010,donga_2010_2020_100,2020년 한국을 빛낼 100인,broad_screening_explicit_horizon,editorial_expert_screening,도전하는 경제인,,False,,,,2020,3,4,True,1,advanced,True,True,False,donga_2010_post_t0_peak_master_v1_2
pl-574075de12afb8,ko-5f7720741f62,성영석,ko-5f7720741f62,성영석,동아일보,2010-05-10,2010,donga_2010_2020_100,2020년 한국을 빛낼 100인,broad_screening_explicit_horizon,editorial_expert_screening,도전하는 경제인,,False,,,,2020,2,2,True,0,no_clear_advancement,False,False,False,donga_2010_post_t0_peak_master_v1_2
pl-72fb199df0b7bb,ko-dd5af3f35757,신동빈,ko-dd5af3f35757,신동빈,동아일보,2010-05-10,2010,donga_2010_2020_100,2020년 한국을 빛낼 100인,broad_screening_explicit_horizon,editorial_expert_screening,도전하는 경제인,,False,,,,2020,3,4,True,1,advanced,True,True,False,donga_2010_post_t0_peak_master_v1_2
pl-dd77cfbf83d1e5,ko-f078a402f86e,신현송,ko-f078a402f86e,신현송,동아일보,2010-05-10,2010,donga_2010_2020_100,2020년 한국을 빛낼 100인,broad_screening_explicit_horizon,editorial_expert_screening,도전하는 경제인,,False,,,,2020,3,3,True,0,sustained_high,True,False,False,donga_2010_post_t0_peak_master_v1_2
pl-b2d893fd6633d7,ko-024bb3530e6a,안동현,ko-024bb3530e6a,안동현,동아일보,2010-05-10,2010,donga_2010_2020_100,2020년 한국을 빛낼 100인,broad_screening_explicit_horizon,editorial_expert_screening,도전하는 경제인,,False,,,,2020,2,3,True,1,advanced,True,False,False,donga_2010_post_t0_peak_master_v1_2
pl-e3660fad1cb462,ko-a473e7a01a38,이근,ko-a473e7a01a38,이근,동아일보,2010-05-10,2010,donga_2010_2020_100,2020년 한국을 빛낼 100인,broad_screening_explicit_horizon,editorial_expert_screening,도전하는 경제인,,False,,,,2020,2,3,True,1,advanced,True,False,False,donga_2010_post_t0_peak_master_v1_2
pl-5e92a85c52658c,ko-d626d5d8f528,이부진,ko-d626d5d8f528,이부진,동아일보,2010-05-10,2010,donga_2010_2020_100,2020년 한국을 빛낼 100인,broad_screening_explicit_horizon,editorial_expert_screening,도전하는 경제인,,False,,,,2020,3,3,True,0,sustained_high,True,False,False,donga_2010_post_t0_peak_master_v1_2
pl-4cfa4fe41b6503,ko-ca5d891b9072,이원규,ko-ca5d891b9072,이원규,동아일보,2010-05-10,2010,donga_2010_2020_100,2020년 한국을 빛낼 100인,broad_screening_explicit_horizon,editorial_expert_screening,도전하는 경제인,,False,,,,2020,2,2,True,0,no_clear_advancement,False,False,False,donga_2010_post_t0_peak_master_v1_2
pl-026c2ebc84324b,ko-39a0579cceac,이재용,ko-39a0579cceac,이재용,동아일보,2010-05-10,2010,donga_2010_2020_100,2020년 한국을 빛낼 100인,broad_screening_explicit_horizon,editorial_expert_screening,도전하는 경제인,,False,,,,2020,3,4,True,1,advanced,True,True,False,donga_2010_post_t0_peak_master_v1_2
pl-89547d144cc069,ko-e7a4aa0afb28,이창용,ko-e7a4aa0afb28,이창용,동아일보,2010-05-10,2010,donga_2010_2020_100,2020년 한국을 빛낼 100인,broad_screening_explicit_horizon,editorial_expert_screening,도전하는 경제인,,False,,,,2020,3,3,True,0,sustained_high,True,False,False,donga_2010_post_t0_peak_master_v1_2
pl-de6237ad72d7b7,ko-b602cab8dde4,이해진,ko-b602cab8dde4,이해진,동아일보,2010-05-10,2010,donga_2010_2020_100,2020년 한국을 빛낼 100인,broad_screening_explicit_horizon,editorial_expert_screening,도전하는 경제인,,False,,,,2020,3,3,True,0,sustained_high,True,False,False,donga_2010_post_t0_peak_master_v1_2
pl-2c583eb16c83fa,ko-5c67385e6a2c,장하준,ko-5c67385e6a2c,장하준,동아일보,2010-05-10,2010,donga_2010_2020_100,2020년 한국을 빛낼 100인,broad_screening_explicit_horizon,editorial_expert_screening,도전하는 경제인,,False,,,,2020,3,3,True,0,sustained_high,True,False,False,donga_2010_post_t0_peak_master_v1_2
pl-c7747c2c68b826,ko-3d78f997f0de,정의선,ko-3d78f997f0de,정의선,동아일보,2010-05-10,2010,donga_2010_2020_100,2020년 한국을 빛낼 100인,broad_screening_explicit_horizon,editorial_expert_screening,도전하는 경제인,,False,,,,2020,3,4,True,1,advanced,True,True,False,donga_2010_post_t0_peak_master_v1_2
pl-13de6f85ba6037,ko-a336374ae534,정태영,ko-a336374ae534,정태영,동아일보,2010-05-10,2010,donga_2010_2020_100,2020년 한국을 빛낼 100인,broad_screening_explicit_horizon,editorial_expert_screening,도전하는 경제인,,False,,,,2020,3,3,True,0,sustained_high,True,False,False,donga_2010_post_t0_peak_master_v1_2
pl-2f15c13257af8f,ko-2c22386a3a1d,최태원,ko-2c22386a3a1d,최태원,동아일보,2010-05-10,2010,donga_2010_2020_100,2020년 한국을 빛낼 100인,broad_screening_explicit_horizon,editorial_expert_screening,도전하는 경제인,,False,,,,2020,4,4,True,0,sustained_high,True,True,False,donga_2010_post_t0_peak_master_v1_2
pl-209b895bb2aed6,ko-adb56e66853b,김문수,ko-adb56e66853b,김문수,동아일보,2010-05-10,2010,donga_2010_2020_100,2020년 한국을 빛낼 100인,broad_screening_explicit_horizon,editorial_expert_screening,미래를 여는 지도자,,False,,,,2020,3,4,True,1,advanced,True,True,False,donga_2010_post_t0_peak_master_v1_2
pl-76a326abe5e25e,ko-9dfab976930a,김병국,ko-9dfab976930a,김병국,동아일보,2010-05-10,2010,donga_2010_2020_100,2020년 한국을 빛낼 100인,broad_screening_explicit_horizon,editorial_expert_screening,미래를 여는 지도자,,False,,,,2020,3,3,True,0,sustained_high,True,False,False,donga_2010_post_t0_peak_master_v1_2
pl-158825133aaf3c,ko-3ebafe3a78a6,김성한,ko-3ebafe3a78a6,김성한,동아일보,2010-05-10,2010,donga_2010_2020_100,2020년 한국을 빛낼 100인,broad_screening_explicit_horizon,editorial_expert_screening,미래를 여는 지도자,,False,,,,2020,2,3,True,1,advanced,True,False,False,donga_2010_post_t0_peak_master_v1_2
pl-7103ba06d63dc9,ko-1214cbbc6c63,나경원,ko-1214cbbc6c63,나경원,동아일보,2010-05-10,2010,donga_2010_2020_100,2020년 한국을 빛낼 100인,broad_screening_explicit_horizon,editorial_expert_screening,미래를 여는 지도자,,False,,,,2020,2,3,True,1,advanced,True,False,False,donga_2010_post_t0_peak_master_v1_2
pl-a5b2c904b6171b,ko-2628f432316c,송영길,ko-2628f432316c,송영길,동아일보,2010-05-10,2010,donga_2010_2020_100,2020년 한국을 빛낼 100인,broad_screening_explicit_horizon,editorial_expert_screening,미래를 여는 지도자,,False,,,,2020,3,3,True,0,sustained_high,True,False,False,donga_2010_post_t0_peak_master_v1_2
pl-009ed81b3fd79e,ko-a37d4eb61057,오세훈,ko-a37d4eb61057,오세훈,동아일보,2010-05-10,2010,donga_2010_2020_100,2020년 한국을 빛낼 100인,broad_screening_explicit_horizon,editorial_expert_screening,미래를 여는 지도자,,False,,,,2020,3,3,True,0,sustained_high,True,False,False,donga_2010_post_t0_peak_master_v1_2
pl-736fa261743c43,ko-9f607622047e,원희룡,ko-9f607622047e,원희룡,동아일보,2010-05-10,2010,donga_2010_2020_100,2020년 한국을 빛낼 100인,broad_screening_explicit_horizon,editorial_expert_screening,미래를 여는 지도자,,False,,,,2020,2,3,True,1,advanced,True,False,False,donga_2010_post_t0_peak_master_v1_2
pl-ebd11dbefb90dc,ko-241873e69979,유시민,ko-241873e69979,유시민,동아일보,2010-05-10,2010,donga_2010_2020_100,2020년 한국을 빛낼 100인,broad_screening_explicit_horizon,editorial_expert_screening,미래를 여는 지도자,,False,,,,2020,3,3,True,0,sustained_high,True,False,False,donga_2010_post_t0_peak_master_v1_2
pl-10804c00ab09e0,ko-9663564aad1d,임태희,ko-9663564aad1d,임태희,동아일보,2010-05-10,2010,donga_2010_2020_100,2020년 한국을 빛낼 100인,broad_screening_explicit_horizon,editorial_expert_screening,미래를 여는 지도자,,False,,,,2020,3,3,True,0,sustained_high,True,False,False,donga_2010_post_t0_peak_master_v1_2
pl-1581d6e12121e0,ko-a70fe57d6a3f,백경학,ko-a70fe57d6a3f,백경학,동아일보,2010-05-10,2010,donga_2010_2020_100,2020년 한국을 빛낼 100인,broad_screening_explicit_horizon,editorial_expert_screening,독자선정,,False,,,,2020,2,2,True,0,no_clear_advancement,False,False,False,donga_2010_post_t0_peak_master_v1_2
pl-b7a466f7cea023,ko-6ecc2385f00b,김기문,ko-6ecc2385f00b,김기문,동아일보,2011-04-01,2011,donga_2011_10yr_100,10년 뒤 한국을 빛낼 100인,broad_screening_explicit_horizon,editorial_expert_screening,꿈꾸는 개척가,,False,,,,2021,3,3,True,0,sustained_high,True,False,False,donga_2011_post_t0_master_v1_0
pl-aab510799c4e01,ko-f1e800805488,김빛내리,ko-f1e800805488,김빛내리,동아일보,2011-04-01,2011,donga_2011_10yr_100,10년 뒤 한국을 빛낼 100인,broad_screening_explicit_horizon,editorial_expert_screening,꿈꾸는 개척가,,False,,,,2021,3,3,True,0,sustained_high,True,False,False,donga_2011_post_t0_master_v1_0
pl-a40f7757c68789,ko-eee1295185f9,김상욱,ko-eee1295185f9,김상욱,동아일보,2011-04-01,2011,donga_2011_10yr_100,10년 뒤 한국을 빛낼 100인,broad_screening_explicit_horizon,editorial_expert_screening,꿈꾸는 개척가,,False,,,,2021,3,3,True,0,sustained_high,True,False,False,donga_2011_post_t0_master_v1_0
pl-bba8cee94a9722,ko-725f4ed535b8,김승환,ko-725f4ed535b8,김승환,동아일보,2011-04-01,2011,donga_2011_10yr_100,10년 뒤 한국을 빛낼 100인,broad_screening_explicit_horizon,editorial_expert_screening,꿈꾸는 개척가,,False,,,,2021,3,3,True,0,sustained_high,True,False,False,donga_2011_post_t0_master_v1_0
pl-e1a3af1b350d20,ko-2746db5f960b,김영달,ko-2746db5f960b,김영달,동아일보,2011-04-01,2011,donga_2011_10yr_100,10년 뒤 한국을 빛낼 100인,broad_screening_explicit_horizon,editorial_expert_screening,꿈꾸는 개척가,,False,,,,2021,3,3,True,0,sustained_high,True,False,False,donga_2011_post_t0_master_v1_0
pl-6b59069bc9b34b,ko-552f96a49902,김은성,ko-552f96a49902,김은성,동아일보,2011-04-01,2011,donga_2011_10yr_100,10년 뒤 한국을 빛낼 100인,broad_screening_explicit_horizon,editorial_expert_screening,꿈꾸는 개척가,,False,,,,2021,3,3,True,0,sustained_high,True,False,False,donga_2011_post_t0_master_v1_0
pl-15349485df29a1,ko-cc5fcc21d36f,김정범,ko-cc5fcc21d36f,김정범,동아일보,2011-04-01,2011,donga_2011_10yr_100,10년 뒤 한국을 빛낼 100인,broad_screening_explicit_horizon,editorial_expert_screening,꿈꾸는 개척가,,False,,,,2021,2,2,True,0,no_clear_advancement,False,False,False,donga_2011_post_t0_master_v1_0
pl-2bb37c842db71c,ko-4fca86144093,김철영,ko-4fca86144093,김철영,동아일보,2011-04-01,2011,donga_2011_10yr_100,10년 뒤 한국을 빛낼 100인,broad_screening_explicit_horizon,editorial_expert_screening,꿈꾸는 개척가,,False,,,,2021,3,3,True,0,sustained_high,True,False,False,donga_2011_post_t0_master_v1_0
pl-a352ea53e0ed94,ko-dfea3954bcfe,김필립,ko-dfea3954bcfe,김필립,동아일보,2011-04-01,2011,donga_2011_10yr_100,10년 뒤 한국을 빛낼 100인,broad_screening_explicit_horizon,editorial_expert_screening,꿈꾸는 개척가,,False,,,,2021,3,3,True,0,sustained_high,True,False,False,donga_2011_post_t0_master_v1_0
pl-f2cd11d52e8b82,ko-6173bf2bca04,남광희,ko-6173bf2bca04,남광희,동아일보,2011-04-01,2011,donga_2011_10yr_100,10년 뒤 한국을 빛낼 100인,broad_screening_explicit_horizon,editorial_expert_screening,꿈꾸는 개척가,,False,,,,2021,2,3,True,1,advanced,True,False,False,donga_2011_post_t0_master_v1_0
pl-4fb781dc91de89,ko-d98846782034,남민우,ko-d98846782034,남민우,동아일보,2011-04-01,2011,donga_2011_10yr_100,10년 뒤 한국을 빛낼 100인,broad_screening_explicit_horizon,editorial_expert_screening,꿈꾸는 개척가,,False,,,,2021,2,3,True,1,advanced,True,False,False,donga_2011_post_t0_master_v1_0
pl-070ad4955a351a,ko-19d48fc210b8,박상일,ko-19d48fc210b8,박상일,동아일보,2011-04-01,2011,donga_2011_10yr_100,10년 뒤 한국을 빛낼 100인,broad_screening_explicit_horizon,editorial_expert_screening,꿈꾸는 개척가,,False,,,,2021,2,3,True,1,advanced,True,False,False,donga_2011_post_t0_master_v1_0
pl-13a6c34695bf14,ko-a00749df7234,박형주,ko-a00749df7234,박형주,동아일보,2011-04-01,2011,donga_2011_10yr_100,10년 뒤 한국을 빛낼 100인,broad_screening_explicit_horizon,editorial_expert_screening,꿈꾸는 개척가,,False,,,,2021,2,3,True,1,advanced,True,False,False,donga_2011_post_t0_master_v1_0
pl-c854ec20bf1957,ko-86d900b94570,백운규,ko-86d900b94570,백운규,동아일보,2011-04-01,2011,donga_2011_10yr_100,10년 뒤 한국을 빛낼 100인,broad_screening_explicit_horizon,editorial_expert_screening,꿈꾸는 개척가,,False,,,,2021,2,3,True,1,advanced,True,False,False,donga_2011_post_t0_master_v1_0
pl-5e256aa83a405b,ko-7249b25dbe3e,유범재,ko-7249b25dbe3e,유범재,동아일보,2011-04-01,2011,donga_2011_10yr_100,10년 뒤 한국을 빛낼 100인,broad_screening_explicit_horizon,editorial_expert_screening,꿈꾸는 개척가,,False,,,,2021,3,3,True,0,sustained_high,True,False,False,donga_2011_post_t0_master_v1_0
pl-e5e6c58d0645b2,ko-13ab0e3b7e91,이상엽,ko-13ab0e3b7e91,이상엽,동아일보,2011-04-01,2011,donga_2011_10yr_100,10년 뒤 한국을 빛낼 100인,broad_screening_explicit_horizon,editorial_expert_screening,꿈꾸는 개척가,,False,,,,2021,3,3,True,0,sustained_high,True,False,False,donga_2011_post_t0_master_v1_0
pl-2ca25b9d810aa3,ko-d18488011878,이연희,ko-d18488011878,이연희,동아일보,2011-04-01,2011,donga_2011_10yr_100,10년 뒤 한국을 빛낼 100인,broad_screening_explicit_horizon,editorial_expert_screening,꿈꾸는 개척가,,False,,,,2021,3,3,True,0,sustained_high,True,False,False,donga_2011_post_t0_master_v1_0
pl-04680f1730b116,ko-19bcd62fbf83,이창준,ko-19bcd62fbf83,이창준,동아일보,2011-04-01,2011,donga_2011_10yr_100,10년 뒤 한국을 빛낼 100인,broad_screening_explicit_horizon,editorial_expert_screening,꿈꾸는 개척가,,False,,,,2021,3,3,True,0,sustained_high,True,False,False,donga_2011_post_t0_master_v1_0
pl-acb69874911849,ko-f9605fafd7b6,임지순,ko-f9605fafd7b6,임지순,동아일보,2011-04-01,2011,donga_2011_10yr_100,10년 뒤 한국을 빛낼 100인,broad_screening_explicit_horizon,editorial_expert_screening,꿈꾸는 개척가,,False,,,,2021,3,3,True,0,sustained_high,True,False,False,donga_2011_post_t0_master_v1_0
pl-e8d2b4f028faad,ko-4983fb1a582c,장하석,ko-4983fb1a582c,장하석,동아일보,2011-04-01,2011,donga_2011_10yr_100,10년 뒤 한국을 빛낼 100인,broad_screening_explicit_horizon,editorial_expert_screening,꿈꾸는 개척가,,False,,,,2021,3,3,True,0,sustained_high,True,False,False,donga_2011_post_t0_master_v1_0
pl-53666ec1e22072,ko-69306f56811f,정근창,ko-69306f56811f,정근창,동아일보,2011-04-01,2011,donga_2011_10yr_100,10년 뒤 한국을 빛낼 100인,broad_screening_explicit_horizon,editorial_expert_screening,꿈꾸는 개척가,,False,,,,2021,2,3,True,1,advanced,True,False,False,donga_2011_post_t0_master_v1_0
pl-1f71b6a0600dd4,ko-e71082a71551,정준,ko-e71082a71551,정준,동아일보,2011-04-01,2011,donga_2011_10yr_100,10년 뒤 한국을 빛낼 100인,broad_screening_explicit_horizon,editorial_expert_screening,꿈꾸는 개척가,,False,,,,2021,2,3,True,1,advanced,True,False,False,donga_2011_post_t0_master_v1_0
pl-657aa691d1efdc,ko-bc8ddfa8a833,정하웅,ko-bc8ddfa8a833,정하웅,동아일보,2011-04-01,2011,donga_2011_10yr_100,10년 뒤 한국을 빛낼 100인,broad_screening_explicit_horizon,editorial_expert_screening,꿈꾸는 개척가,,False,,,,2021,3,3,True,0,sustained_high,True,False,False,donga_2011_post_t0_master_v1_0
pl-a06017a7744482,ko-47498c66785f,함돈희,ko-47498c66785f,함돈희,동아일보,2011-04-01,2011,donga_2011_10yr_100,10년 뒤 한국을 빛낼 100인,broad_screening_explicit_horizon,editorial_expert_screening,꿈꾸는 개척가,,False,,,,2021,3,3,True,0,sustained_high,True,False,False,donga_2011_post_t0_master_v1_0
pl-c9087488164701,ko-59d2ad9957db,현택환,ko-59d2ad9957db,현택환,동아일보,2011-04-01,2011,donga_2011_10yr_100,10년 뒤 한국을 빛낼 100인,broad_screening_explicit_horizon,editorial_expert_screening,꿈꾸는 개척가,,False,,,,2021,3,3,True,0,sustained_high,True,False,False,donga_2011_post_t0_master_v1_0
pl-1974fdb12bfa9b,ko-b28e034194e6,김선욱,ko-b28e034194e6,김선욱,동아일보,2011-04-01,2011,donga_2011_10yr_100,10년 뒤 한국을 빛낼 100인,broad_screening_explicit_horizon,editorial_expert_screening,자유로운 창조인,,False,,,,2021,3,3,True,0,sustained_high,True,False,False,donga_2011_post_t0_master_v1_0
pl-3e49758e3921be,ko-6154a3ed914e,김애란,ko-6154a3ed914e,김애란,동아일보,2011-04-01,2011,donga_2011_10yr_100,10년 뒤 한국을 빛낼 100인,broad_screening_explicit_horizon,editorial_expert_screening,자유로운 창조인,,False,,,,2021,2,3,True,1,advanced,True,False,False,donga_2011_post_t0_master_v1_0
pl-20ff0f4bbe38f5,ko-72dce5615c37,김연아,ko-72dce5615c37,김연아,동아일보,2011-04-01,2011,donga_2011_10yr_100,10년 뒤 한국을 빛낼 100인,broad_screening_explicit_horizon,editorial_expert_screening,자유로운 창조인,,False,,,,2021,4,4,True,0,sustained_high,True,True,False,donga_2011_post_t0_master_v1_0
pl-222155d15c2c33,ko-35bb9c8fcbfb,김영준,ko-35bb9c8fcbfb,김영준,동아일보,2011-04-01,2011,donga_2011_10yr_100,10년 뒤 한국을 빛낼 100인,broad_screening_explicit_horizon,editorial_expert_screening,자유로운 창조인,,False,,,,2021,2,3,True,1,advanced,True,False,False,donga_2011_post_t0_master_v1_0
pl-70c7e587bc789d,ko-66595d4e6f22,김영하,ko-66595d4e6f22,김영하,동아일보,2011-04-01,2011,donga_2011_10yr_100,10년 뒤 한국을 빛낼 100인,broad_screening_explicit_horizon,editorial_expert_screening,자유로운 창조인,,False,,,,2021,2,3,True,1,advanced,True,False,False,donga_2011_post_t0_master_v1_0
pl-8bbf22e4fe2ee8,ko-f12f51ad289f,박지성,ko-f12f51ad289f,박지성,동아일보,2011-04-01,2011,donga_2011_10yr_100,10년 뒤 한국을 빛낼 100인,broad_screening_explicit_horizon,editorial_expert_screening,자유로운 창조인,,False,,,,2021,3,3,True,0,sustained_high,True,False,False,donga_2011_post_t0_master_v1_0
pl-01cb94bdb8a4a9,ko-e8d74d9cd2a2,박진영,ko-e8d74d9cd2a2,박진영,동아일보,2011-04-01,2011,donga_2011_10yr_100,10년 뒤 한국을 빛낼 100인,broad_screening_explicit_horizon,editorial_expert_screening,자유로운 창조인,,False,,,,2021,3,3,True,0,sustained_high,True,False,False,donga_2011_post_t0_master_v1_0
pl-f81946210133cf,ko-975ece4e89dc,박형준,ko-975ece4e89dc,박형준,동아일보,2011-04-01,2011,donga_2011_10yr_100,10년 뒤 한국을 빛낼 100인,broad_screening_explicit_horizon,editorial_expert_screening,자유로운 창조인,,False,,,,2021,2,3,True,1,advanced,True,False,False,donga_2011_post_t0_master_v1_0
pl-6be01695e278db,ko-44df17daee2c,봉준호,ko-44df17daee2c,봉준호,동아일보,2011-04-01,2011,donga_2011_10yr_100,10년 뒤 한국을 빛낼 100인,broad_screening_explicit_horizon,editorial_expert_screening,자유로운 창조인,,False,,,,2021,3,4,True,1,advanced,True,True,False,donga_2011_post_t0_master_v1_0
pl-1261e2a16de4af,ko-f0445872cdca,손흥민,ko-f0445872cdca,손흥민,동아일보,2011-04-01,2011,donga_2011_10yr_100,10년 뒤 한국을 빛낼 100인,broad_screening_explicit_horizon,editorial_expert_screening,자유로운 창조인,,False,,,,2021,2,4,True,2,advanced,True,True,False,donga_2011_post_t0_master_v1_0
pl-61ac615926ba35,ko-695446ab7c82,신준호,ko-695446ab7c82,신준호,동아일보,2011-04-01,2011,donga_2011_10yr_100,10년 뒤 한국을 빛낼 100인,broad_screening_explicit_horizon,editorial_expert_screening,자유로운 창조인,,False,,,,2021,2,,False,,not_assessable,False,False,False,donga_2011_post_t0_master_v1_0
pl-6bcba272255673,ko-ddfc17a4eea7,신지애,ko-ddfc17a4eea7,신지애,동아일보,2011-04-01,2011,donga_2011_10yr_100,10년 뒤 한국을 빛낼 100인,broad_screening_explicit_horizon,editorial_expert_screening,자유로운 창조인,,False,,,,2021,4,4,True,0,sustained_high,True,True,False,donga_2011_post_t0_master_v1_0
pl-b139cf5cf252d5,ko-44b4a1ce0512,윤태호,ko-44b4a1ce0512,윤태호,동아일보,2011-04-01,2011,donga_2011_10yr_100,10년 뒤 한국을 빛낼 100인,broad_screening_explicit_horizon,editorial_expert_screening,자유로운 창조인,,False,,,,2021,2,3,True,1,advanced,True,False,False,donga_2011_post_t0_master_v1_0
pl-5ce6e496d491f8,ko-069e5687d79a,이불,ko-069e5687d79a,이불,동아일보,2011-04-01,2011,donga_2011_10yr_100,10년 뒤 한국을 빛낼 100인,broad_screening_explicit_horizon,editorial_expert_screening,자유로운 창조인,,False,,,,2021,3,3,True,0,sustained_high,True,False,False,donga_2011_post_t0_master_v1_0
pl-896e20755c1426,ko-397ae5c954f9,이수만,ko-397ae5c954f9,이수만,동아일보,2011-04-01,2011,donga_2011_10yr_100,10년 뒤 한국을 빛낼 100인,broad_screening_explicit_horizon,editorial_expert_screening,자유로운 창조인,,False,,,,2021,3,3,True,0,sustained_high,True,False,False,donga_2011_post_t0_master_v1_0
pl-35cf3da0c60621,ko-d346947b46bd,이자람,ko-d346947b46bd,이자람,동아일보,2011-04-01,2011,donga_2011_10yr_100,10년 뒤 한국을 빛낼 100인,broad_screening_explicit_horizon,editorial_expert_screening,자유로운 창조인,,False,,,,2021,3,3,True,0,sustained_high,True,False,False,donga_2011_post_t0_master_v1_0
pl-1c9895b9988333,ko-d89691fcbd8b,장미란,ko-d89691fcbd8b,장미란,동아일보,2011-04-01,2011,donga_2011_10yr_100,10년 뒤 한국을 빛낼 100인,broad_screening_explicit_horizon,editorial_expert_screening,자유로운 창조인,,False,,,,2021,4,3,True,-1,lower_than_baseline,True,False,False,donga_2011_post_t0_master_v1_0
pl-30b9b4898b29a1,ko-b8bee0f02482,장한나,ko-b8bee0f02482,장한나,동아일보,2011-04-01,2011,donga_2011_10yr_100,10년 뒤 한국을 빛낼 100인,broad_screening_explicit_horizon,editorial_expert_screening,자유로운 창조인,,False,,,,2021,3,3,True,0,sustained_high,True,False,False,donga_2011_post_t0_master_v1_0
pl-30604932aa8e65,ko-5c6f0a14b685,하상백,ko-5c6f0a14b685,하상백,동아일보,2011-04-01,2011,donga_2011_10yr_100,10년 뒤 한국을 빛낼 100인,broad_screening_explicit_horizon,editorial_expert_screening,자유로운 창조인,,False,,,,2021,2,2,True,0,no_clear_advancement,False,False,False,donga_2011_post_t0_master_v1_0
pl-d240ed0cdbefaa,ko-20c1003d2b71,하정우,ko-20c1003d2b71,하정우,동아일보,2011-04-01,2011,donga_2011_10yr_100,10년 뒤 한국을 빛낼 100인,broad_screening_explicit_horizon,editorial_expert_screening,자유로운 창조인,,False,,,,2021,2,3,True,1,advanced,True,False,False,donga_2011_post_t0_master_v1_0
pl-1e9a691c8c8dc8,ko-adb56e66853b,김문수,ko-adb56e66853b,김문수,동아일보,2011-04-01,2011,donga_2011_10yr_100,10년 뒤 한국을 빛낼 100인,broad_screening_explicit_horizon,editorial_expert_screening,미래를 여는 지도자,,False,,,,2021,3,4,True,1,advanced,True,True,False,donga_2011_post_t0_master_v1_0
pl-c883c852380824,ko-d05b0c6ed3ba,김부겸,ko-d05b0c6ed3ba,김부겸,동아일보,2011-04-01,2011,donga_2011_10yr_100,10년 뒤 한국을 빛낼 100인,broad_screening_explicit_horizon,editorial_expert_screening,미래를 여는 지도자,,False,,,,2021,2,4,True,2,advanced,True,True,False,donga_2011_post_t0_master_v1_0
pl-5d96ff5e8daab6,ko-8bbedbc17e5e,김태효,ko-8bbedbc17e5e,김태효,동아일보,2011-04-01,2011,donga_2011_10yr_100,10년 뒤 한국을 빛낼 100인,broad_screening_explicit_horizon,editorial_expert_screening,미래를 여는 지도자,,False,,,,2021,2,3,True,1,advanced,True,False,False,donga_2011_post_t0_master_v1_0
pl-d98b2d092f5de6,ko-1214cbbc6c63,나경원,ko-1214cbbc6c63,나경원,동아일보,2011-04-01,2011,donga_2011_10yr_100,10년 뒤 한국을 빛낼 100인,broad_screening_explicit_horizon,editorial_expert_screening,미래를 여는 지도자,,False,,,,2021,2,3,True,1,advanced,True,False,False,donga_2011_post_t0_master_v1_0
pl-b8dc974d6e94ff,ko-1515dbd67779,박근혜,ko-1515dbd67779,박근혜,동아일보,2011-04-01,2011,donga_2011_10yr_100,10년 뒤 한국을 빛낼 100인,broad_screening_explicit_horizon,editorial_expert_screening,미래를 여는 지도자,,False,,,,2021,4,4,True,0,sustained_high,True,True,False,donga_2011_post_t0_master_v1_0
pl-8d0fbdd6f3e897,ko-a37d4eb61057,오세훈,ko-a37d4eb61057,오세훈,동아일보,2011-04-01,2011,donga_2011_10yr_100,10년 뒤 한국을 빛낼 100인,broad_screening_explicit_horizon,editorial_expert_screening,미래를 여는 지도자,,False,,,,2021,3,3,True,0,sustained_high,True,False,False,donga_2011_post_t0_master_v1_0
pl-d12ad1bc8a2694,ko-9f607622047e,원희룡,ko-9f607622047e,원희룡,동아일보,2011-04-01,2011,donga_2011_10yr_100,10년 뒤 한국을 빛낼 100인,broad_screening_explicit_horizon,editorial_expert_screening,미래를 여는 지도자,,False,,,,2021,2,3,True,1,advanced,True,False,False,donga_2011_post_t0_master_v1_0
pl-4f4a67c816d035,ko-241873e69979,유시민,ko-241873e69979,유시민,동아일보,2011-04-01,2011,donga_2011_10yr_100,10년 뒤 한국을 빛낼 100인,broad_screening_explicit_horizon,editorial_expert_screening,미래를 여는 지도자,,False,,,,2021,3,3,True,0,sustained_high,True,False,False,donga_2011_post_t0_master_v1_0
pl-97a6e2a92b82ad,ko-641cb1576661,이정희,ko-641cb1576661,이정희,동아일보,2011-04-01,2011,donga_2011_10yr_100,10년 뒤 한국을 빛낼 100인,broad_screening_explicit_horizon,editorial_expert_screening,미래를 여는 지도자,,False,,,,2021,3,3,True,0,sustained_high,True,False,False,donga_2011_post_t0_master_v1_0
pl-cec9593d02c8a6,ko-d063812760c7,임성남,ko-d063812760c7,임성남,동아일보,2011-04-01,2011,donga_2011_10yr_100,10년 뒤 한국을 빛낼 100인,broad_screening_explicit_horizon,editorial_expert_screening,미래를 여는 지도자,,False,,,,2021,2,3,True,1,advanced,True,False,False,donga_2011_post_t0_master_v1_0
pl-e87a501adb7e45,ko-a4e2939ac509,강덕수,ko-a4e2939ac509,강덕수,동아일보,2011-04-01,2011,donga_2011_10yr_100,10년 뒤 한국을 빛낼 100인,broad_screening_explicit_horizon,editorial_expert_screening,도전하는 경제인,,False,,,,2021,3,3,True,0,sustained_high,True,False,False,donga_2011_post_t0_master_v1_0
pl-b6d9fe78038a7f,ko-c0892ea6aa89,권구훈,ko-c0892ea6aa89,권구훈,동아일보,2011-04-01,2011,donga_2011_10yr_100,10년 뒤 한국을 빛낼 100인,broad_screening_explicit_horizon,editorial_expert_screening,도전하는 경제인,,False,,,,2021,2,3,True,1,advanced,True,False,False,donga_2011_post_t0_master_v1_0
pl-cfb68e153cdd1f,ko-f45a261b73b8,김가영,ko-f45a261b73b8,김가영,동아일보,2011-04-01,2011,donga_2011_10yr_100,10년 뒤 한국을 빛낼 100인,broad_screening_explicit_horizon,editorial_expert_screening,도전하는 경제인,,False,,,,2021,2,2,True,0,no_clear_advancement,False,False,False,donga_2011_post_t0_master_v1_0
pl-f519a3b89df947,ko-7a7ead2a349a,김남구,ko-7a7ead2a349a,김남구,동아일보,2011-04-01,2011,donga_2011_10yr_100,10년 뒤 한국을 빛낼 100인,broad_screening_explicit_horizon,editorial_expert_screening,도전하는 경제인,,False,,,,2021,3,3,True,0,sustained_high,True,False,False,donga_2011_post_t0_master_v1_0
pl-64852a51b20945,ko-40f62a7581fe,김정주,ko-40f62a7581fe,김정주,동아일보,2011-04-01,2011,donga_2011_10yr_100,10년 뒤 한국을 빛낼 100인,broad_screening_explicit_horizon,editorial_expert_screening,도전하는 경제인,,False,,,,2021,3,3,True,0,sustained_high,True,False,True,donga_2011_post_t0_master_v1_0
pl-1d1b6a8f51d646,ko-6aa92914afd6,김택진,ko-6aa92914afd6,김택진,동아일보,2011-04-01,2011,donga_2011_10yr_100,10년 뒤 한국을 빛낼 100인,broad_screening_explicit_horizon,editorial_expert_screening,도전하는 경제인,,False,,,,2021,3,3,True,0,sustained_high,True,False,False,donga_2011_post_t0_master_v1_0
pl-25bc1d6f55434a,ko-039cba7604b9,박지영,ko-039cba7604b9,박지영,동아일보,2011-04-01,2011,donga_2011_10yr_100,10년 뒤 한국을 빛낼 100인,broad_screening_explicit_horizon,editorial_expert_screening,도전하는 경제인,,False,,,,2021,2,2,True,0,no_clear_advancement,False,False,False,donga_2011_post_t0_master_v1_0
pl-22a318e25cb126,ko-ad9411f10382,박현주,ko-ad9411f10382,박현주,동아일보,2011-04-01,2011,donga_2011_10yr_100,10년 뒤 한국을 빛낼 100인,broad_screening_explicit_horizon,editorial_expert_screening,도전하는 경제인,,False,,,,2021,3,3,True,0,sustained_high,True,False,False,donga_2011_post_t0_master_v1_0
pl-887dfae28ec728,ko-f6baf497c829,변대규,ko-f6baf497c829,변대규,동아일보,2011-04-01,2011,donga_2011_10yr_100,10년 뒤 한국을 빛낼 100인,broad_screening_explicit_horizon,editorial_expert_screening,도전하는 경제인,,False,,,,2021,3,3,True,0,sustained_high,True,False,False,donga_2011_post_t0_master_v1_0
pl-8e236169749a81,ko-8ee539860ecf,서정진,ko-8ee539860ecf,서정진,동아일보,2011-04-01,2011,donga_2011_10yr_100,10년 뒤 한국을 빛낼 100인,broad_screening_explicit_horizon,editorial_expert_screening,도전하는 경제인,,False,,,,2021,3,4,True,1,advanced,True,True,False,donga_2011_post_t0_master_v1_0
pl-0dd726c3fc0882,ko-315277c91111,손병두,ko-315277c91111,손병두,동아일보,2011-04-01,2011,donga_2011_10yr_100,10년 뒤 한국을 빛낼 100인,broad_screening_explicit_horizon,editorial_expert_screening,도전하는 경제인,,False,,,,2021,3,3,True,0,sustained_high,True,False,False,donga_2011_post_t0_master_v1_0
pl-686da65c04a50d,ko-f078a402f86e,신현송,ko-f078a402f86e,신현송,동아일보,2011-04-01,2011,donga_2011_10yr_100,10년 뒤 한국을 빛낼 100인,broad_screening_explicit_horizon,editorial_expert_screening,도전하는 경제인,,False,,,,2021,3,3,True,0,sustained_high,True,False,False,donga_2011_post_t0_master_v1_0
pl-69ecbf389a8d88,ko-bb73a502cfb3,양윤선,ko-bb73a502cfb3,양윤선,동아일보,2011-04-01,2011,donga_2011_10yr_100,10년 뒤 한국을 빛낼 100인,broad_screening_explicit_horizon,editorial_expert_screening,도전하는 경제인,,False,,,,2021,2,2,True,0,no_clear_advancement,False,False,False,donga_2011_post_t0_master_v1_0
pl-74a1485d3c664e,ko-8482c67b74b8,이미경|cj_enm_business,ko-ca954dff0c05,이미경,동아일보,2011-04-01,2011,donga_2011_10yr_100,10년 뒤 한국을 빛낼 100인,broad_screening_explicit_horizon,editorial_expert_screening,도전하는 경제인,,False,,,,2021,3,3,True,0,sustained_high,True,False,False,donga_2011_post_t0_master_v1_0
pl-0686b7365ff38c,ko-d626d5d8f528,이부진,ko-d626d5d8f528,이부진,동아일보,2011-04-01,2011,donga_2011_10yr_100,10년 뒤 한국을 빛낼 100인,broad_screening_explicit_horizon,editorial_expert_screening,도전하는 경제인,,False,,,,2021,3,3,True,0,sustained_high,True,False,False,donga_2011_post_t0_master_v1_0
pl-c21400597721d6,ko-091a6f95ad9d,이서현,ko-091a6f95ad9d,이서현,동아일보,2011-04-01,2011,donga_2011_10yr_100,10년 뒤 한국을 빛낼 100인,broad_screening_explicit_horizon,editorial_expert_screening,도전하는 경제인,,False,,,,2021,3,3,True,0,sustained_high,True,False,False,donga_2011_post_t0_master_v1_0
pl-7d6d8b470a984f,ko-39a0579cceac,이재용,ko-39a0579cceac,이재용,동아일보,2011-04-01,2011,donga_2011_10yr_100,10년 뒤 한국을 빛낼 100인,broad_screening_explicit_horizon,editorial_expert_screening,도전하는 경제인,,False,,,,2021,3,4,True,1,advanced,True,True,False,donga_2011_post_t0_master_v1_0
pl-24e83169b78a14,ko-e7a4aa0afb28,이창용,ko-e7a4aa0afb28,이창용,동아일보,2011-04-01,2011,donga_2011_10yr_100,10년 뒤 한국을 빛낼 100인,broad_screening_explicit_horizon,editorial_expert_screening,도전하는 경제인,,False,,,,2021,3,3,True,0,sustained_high,True,False,False,donga_2011_post_t0_master_v1_0
pl-6e9a6029b95a56,ko-b602cab8dde4,이해진,ko-b602cab8dde4,이해진,동아일보,2011-04-01,2011,donga_2011_10yr_100,10년 뒤 한국을 빛낼 100인,broad_screening_explicit_horizon,editorial_expert_screening,도전하는 경제인,,False,,,,2021,3,3,True,0,sustained_high,True,False,False,donga_2011_post_t0_master_v1_0
pl-80df3dd233a2c8,ko-5c67385e6a2c,장하준,ko-5c67385e6a2c,장하준,동아일보,2011-04-01,2011,donga_2011_10yr_100,10년 뒤 한국을 빛낼 100인,broad_screening_explicit_horizon,editorial_expert_screening,도전하는 경제인,,False,,,,2021,3,3,True,0,sustained_high,True,False,False,donga_2011_post_t0_master_v1_0
pl-9ce1d6457994a1,ko-16acff835a26,정용진,ko-16acff835a26,정용진,동아일보,2011-04-01,2011,donga_2011_10yr_100,10년 뒤 한국을 빛낼 100인,broad_screening_explicit_horizon,editorial_expert_screening,도전하는 경제인,,False,,,,2021,3,3,True,0,sustained_high,True,False,False,donga_2011_post_t0_master_v1_0
pl-e4c9f074466f09,ko-3d78f997f0de,정의선,ko-3d78f997f0de,정의선,동아일보,2011-04-01,2011,donga_2011_10yr_100,10년 뒤 한국을 빛낼 100인,broad_screening_explicit_horizon,editorial_expert_screening,도전하는 경제인,,False,,,,2021,3,4,True,1,advanced,True,True,False,donga_2011_post_t0_master_v1_0
pl-447eec71eab93e,ko-a336374ae534,정태영,ko-a336374ae534,정태영,동아일보,2011-04-01,2011,donga_2011_10yr_100,10년 뒤 한국을 빛낼 100인,broad_screening_explicit_horizon,editorial_expert_screening,도전하는 경제인,,False,,,,2021,3,3,True,0,sustained_high,True,False,False,donga_2011_post_t0_master_v1_0
pl-c883790c628819,ko-2c22386a3a1d,최태원,ko-2c22386a3a1d,최태원,동아일보,2011-04-01,2011,donga_2011_10yr_100,10년 뒤 한국을 빛낼 100인,broad_screening_explicit_horizon,editorial_expert_screening,도전하는 경제인,,False,,,,2021,4,4,True,0,sustained_high,True,True,False,donga_2011_post_t0_master_v1_0
pl-82f6fbdf2a3a2c,ko-4b19260aef53,황철주,ko-4b19260aef53,황철주,동아일보,2011-04-01,2011,donga_2011_10yr_100,10년 뒤 한국을 빛낼 100인,broad_screening_explicit_horizon,editorial_expert_screening,도전하는 경제인,,False,,,,2021,3,3,True,0,sustained_high,True,False,False,donga_2011_post_t0_master_v1_0
pl-5e6da0cf6f388b,ko-effa9f8ec92e,강일원,ko-effa9f8ec92e,강일원,동아일보,2011-04-01,2011,donga_2011_10yr_100,10년 뒤 한국을 빛낼 100인,broad_screening_explicit_horizon,editorial_expert_screening,행동하는 지성인,,False,,,,2021,2,3,True,1,advanced,True,False,False,donga_2011_post_t0_master_v1_0
pl-95b2639ec8c1d8,ko-fecd73125311,곽노현,ko-fecd73125311,곽노현,동아일보,2011-04-01,2011,donga_2011_10yr_100,10년 뒤 한국을 빛낼 100인,broad_screening_explicit_horizon,editorial_expert_screening,행동하는 지성인,,False,,,,2021,3,3,True,0,sustained_high,True,False,False,donga_2011_post_t0_master_v1_0
pl-02c111575f4d68,ko-557b46bed648,김상우,ko-557b46bed648,김상우,동아일보,2011-04-01,2011,donga_2011_10yr_100,10년 뒤 한국을 빛낼 100인,broad_screening_explicit_horizon,editorial_expert_screening,행동하는 지성인,,False,,,,2021,2,3,True,1,advanced,True,False,False,donga_2011_post_t0_master_v1_0
pl-42d28e51dc32b3,ko-a3a2936ce2db,김은식,ko-a3a2936ce2db,김은식,동아일보,2011-04-01,2011,donga_2011_10yr_100,10년 뒤 한국을 빛낼 100인,broad_screening_explicit_horizon,editorial_expert_screening,행동하는 지성인,,False,,,,2021,2,3,True,1,advanced,True,False,False,donga_2011_post_t0_master_v1_0
pl-ee3c46b7bda471,ko-dfa25956468f,김준영,ko-dfa25956468f,김준영,동아일보,2011-04-01,2011,donga_2011_10yr_100,10년 뒤 한국을 빛낼 100인,broad_screening_explicit_horizon,editorial_expert_screening,행동하는 지성인,,False,,,,2021,2,3,True,1,advanced,True,False,False,donga_2011_post_t0_master_v1_0
pl-3959a20f4c025d,ko-c3108b31e81d,김해성,ko-c3108b31e81d,김해성,동아일보,2011-04-01,2011,donga_2011_10yr_100,10년 뒤 한국을 빛낼 100인,broad_screening_explicit_horizon,editorial_expert_screening,행동하는 지성인,,False,,,,2021,2,2,True,0,no_clear_advancement,False,False,False,donga_2011_post_t0_master_v1_0
pl-0dbf4065a8aaea,ko-7d7bc2a0b7fd,박원순,ko-7d7bc2a0b7fd,박원순,동아일보,2011-04-01,2011,donga_2011_10yr_100,10년 뒤 한국을 빛낼 100인,broad_screening_explicit_horizon,editorial_expert_screening,행동하는 지성인,,False,,,,2021,2,3,True,1,advanced,True,False,True,donga_2011_post_t0_master_v1_0
pl-1724c437b91eed,ko-d62b138f96c0,백승헌,ko-d62b138f96c0,백승헌,동아일보,2011-04-01,2011,donga_2011_10yr_100,10년 뒤 한국을 빛낼 100인,broad_screening_explicit_horizon,editorial_expert_screening,행동하는 지성인,,False,,,,2021,3,2,True,-1,lower_than_baseline,False,False,False,donga_2011_post_t0_master_v1_0
pl-54664c9e428845,ko-110e689d2aa4,석지영,ko-110e689d2aa4,석지영,동아일보,2011-04-01,2011,donga_2011_10yr_100,10년 뒤 한국을 빛낼 100인,broad_screening_explicit_horizon,editorial_expert_screening,행동하는 지성인,,False,,,,2021,3,3,True,0,sustained_high,True,False,False,donga_2011_post_t0_master_v1_0
pl-d2b7b6cfb47258,ko-7289a189b06d,손영래,ko-7289a189b06d,손영래,동아일보,2011-04-01,2011,donga_2011_10yr_100,10년 뒤 한국을 빛낼 100인,broad_screening_explicit_horizon,editorial_expert_screening,행동하는 지성인,,False,,,,2021,2,3,True,1,advanced,True,False,False,donga_2011_post_t0_master_v1_0
pl-f8a1ac0a8ad464,ko-fa3db6d9c9c0,안철수,ko-fa3db6d9c9c0,안철수,동아일보,2011-04-01,2011,donga_2011_10yr_100,10년 뒤 한국을 빛낼 100인,broad_screening_explicit_horizon,editorial_expert_screening,행동하는 지성인,,False,,,,2021,3,4,True,1,advanced,True,True,False,donga_2011_post_t0_master_v1_0
pl-66456347664c1d,ko-652120c5bc70,윤순진,ko-652120c5bc70,윤순진,동아일보,2011-04-01,2011,donga_2011_10yr_100,10년 뒤 한국을 빛낼 100인,broad_screening_explicit_horizon,editorial_expert_screening,행동하는 지성인,,False,,,,2021,2,3,True,1,advanced,True,False,False,donga_2011_post_t0_master_v1_0
pl-7a56c7d0430a1c,ko-4089f3fb44c6,이국종,ko-4089f3fb44c6,이국종,동아일보,2011-04-01,2011,donga_2011_10yr_100,10년 뒤 한국을 빛낼 100인,broad_screening_explicit_horizon,editorial_expert_screening,행동하는 지성인,,False,,,,2021,3,3,True,0,sustained_high,True,False,False,donga_2011_post_t0_master_v1_0
pl-d55b1fe2e67d6a,ko-d295791c1358,이상이,ko-d295791c1358,이상이,동아일보,2011-04-01,2011,donga_2011_10yr_100,10년 뒤 한국을 빛낼 100인,broad_screening_explicit_horizon,editorial_expert_screening,행동하는 지성인,,False,,,,2021,3,2,True,-1,lower_than_baseline,False,False,False,donga_2011_post_t0_master_v1_0
pl-803710e1f0171a,ko-093e111d487a,이주호,ko-093e111d487a,이주호,동아일보,2011-04-01,2011,donga_2011_10yr_100,10년 뒤 한국을 빛낼 100인,broad_screening_explicit_horizon,editorial_expert_screening,행동하는 지성인,,False,,,,2021,3,3,True,0,sustained_high,True,False,False,donga_2011_post_t0_master_v1_0
pl-0c34ab2e46eed4,ko-2625d34f545e,전혜경,ko-2625d34f545e,전혜경,동아일보,2011-04-01,2011,donga_2011_10yr_100,10년 뒤 한국을 빛낼 100인,broad_screening_explicit_horizon,editorial_expert_screening,행동하는 지성인,,False,,,,2021,3,3,True,0,sustained_high,True,False,False,donga_2011_post_t0_master_v1_0
pl-9a1a1e7612b60b,ko-6d76e23bfc8a,정일용,ko-6d76e23bfc8a,정일용,동아일보,2011-04-01,2011,donga_2011_10yr_100,10년 뒤 한국을 빛낼 100인,broad_screening_explicit_horizon,editorial_expert_screening,행동하는 지성인,,False,,,,2021,2,3,True,1,advanced,True,False,False,donga_2011_post_t0_master_v1_0
pl-6efad7ea0e729c,ko-4ad896fa4243,조국,ko-4ad896fa4243,조국,동아일보,2011-04-01,2011,donga_2011_10yr_100,10년 뒤 한국을 빛낼 100인,broad_screening_explicit_horizon,editorial_expert_screening,행동하는 지성인,,False,,,,2021,2,3,True,1,advanced,True,False,False,donga_2011_post_t0_master_v1_0
pl-74cb730a30c342,ko-e8bbd9883300,조명숙,ko-e8bbd9883300,조명숙,동아일보,2011-04-01,2011,donga_2011_10yr_100,10년 뒤 한국을 빛낼 100인,broad_screening_explicit_horizon,editorial_expert_screening,행동하는 지성인,,False,,,,2021,2,2,True,0,no_clear_advancement,False,False,False,donga_2011_post_t0_master_v1_0
pl-09c8a611a610dc,ko-cea5eae1e03f,최재경,ko-cea5eae1e03f,최재경,동아일보,2011-04-01,2011,donga_2011_10yr_100,10년 뒤 한국을 빛낼 100인,broad_screening_explicit_horizon,editorial_expert_screening,행동하는 지성인,,False,,,,2021,2,3,True,1,advanced,True,False,False,donga_2011_post_t0_master_v1_0
pl-e44b172c93f445,ko-6cd22bfd1967,천정배,,천정배,경향신문,2004-05-05,2004,khan_2004_17th_assembly_newleaders_20,17代국회 이끌 뉴리더,expert_vote_party_quota_top20,expert_panel_vote_party_quota,politics,,False,26,expert_vote_count,,,2,3,True,1,advanced,True,False,False,khan_2004_17th_assembly_newleaders_peak_master_v1_0
pl-2275511375ece0,ko-faa0d68595a7,신기남,,신기남,경향신문,2004-05-05,2004,khan_2004_17th_assembly_newleaders_20,17代국회 이끌 뉴리더,expert_vote_party_quota_top20,expert_panel_vote_party_quota,politics,,False,,,,,2,3,True,1,advanced,True,False,False,khan_2004_17th_assembly_newleaders_peak_master_v1_0
pl-b2103baaa6d839,ko-241873e69979,유시민,,유시민,경향신문,2004-05-05,2004,khan_2004_17th_assembly_newleaders_20,17代국회 이끌 뉴리더,expert_vote_party_quota_top20,expert_panel_vote_party_quota,politics,,False,,,19,,2,3,True,1,advanced,True,False,False,khan_2004_17th_assembly_newleaders_peak_master_v1_0
pl-f436e9393f14b1,ko-39146205ba95,임종석,,임종석,경향신문,2004-05-05,2004,khan_2004_17th_assembly_newleaders_20,17代국회 이끌 뉴리더,expert_vote_party_quota_top20,expert_panel_vote_party_quota,politics,,False,,,4,,2,4,True,2,advanced,True,True,False,khan_2004_17th_assembly_newleaders_peak_master_v1_0
pl-6741802576e5b1,ko-d05b0c6ed3ba,김부겸,,김부겸,경향신문,2004-05-05,2004,khan_2004_17th_assembly_newleaders_20,17代국회 이끌 뉴리더,expert_vote_party_quota_top20,expert_panel_vote_party_quota,politics,,False,,,8,,2,4,True,2,advanced,True,True,False,khan_2004_17th_assembly_newleaders_peak_master_v1_0
pl-2dacd6ad98d2a9,ko-2628f432316c,송영길,,송영길,경향신문,2004-05-05,2004,khan_2004_17th_assembly_newleaders_20,17代국회 이끌 뉴리더,expert_vote_party_quota_top20,expert_panel_vote_party_quota,politics,,False,,,17,,2,3,True,1,advanced,True,False,False,khan_2004_17th_assembly_newleaders_peak_master_v1_0
pl-3c78381001cbf0,ko-f4958121397a,김영춘,,김영춘,경향신문,2004-05-05,2004,khan_2004_17th_assembly_newleaders_20,17代국회 이끌 뉴리더,expert_vote_party_quota_top20,expert_panel_vote_party_quota,politics,,False,,,,,2,3,True,1,advanced,True,False,False,khan_2004_17th_assembly_newleaders_peak_master_v1_0
pl-50e2f8066c44b9,ko-7650dc241902,한명숙,,한명숙,경향신문,2004-05-05,2004,khan_2004_17th_assembly_newleaders_20,17代국회 이끌 뉴리더,expert_vote_party_quota_top20,expert_panel_vote_party_quota,politics,,False,,,12,,3,4,True,1,advanced,True,True,False,khan_2004_17th_assembly_newleaders_peak_master_v1_0
pl-e6268fb17c8c84,ko-271edef27294,이미경|politician,,이미경,경향신문,2004-05-05,2004,khan_2004_17th_assembly_newleaders_20,17代국회 이끌 뉴리더,expert_vote_party_quota_top20,expert_panel_vote_party_quota,politics,,False,,,10,,2,3,True,1,advanced,True,False,False,khan_2004_17th_assembly_newleaders_peak_master_v1_0
pl-30433c24aa1b2a,ko-1f31d3b9b08f,원혜영,,원혜영,경향신문,2004-05-05,2004,khan_2004_17th_assembly_newleaders_20,17代국회 이끌 뉴리더,expert_vote_party_quota_top20,expert_panel_vote_party_quota,politics,,False,,,,,2,3,True,1,advanced,True,False,False,khan_2004_17th_assembly_newleaders_peak_master_v1_0
pl-b98a567ba0ab1f,ko-9f607622047e,원희룡,,원희룡,경향신문,2004-05-05,2004,khan_2004_17th_assembly_newleaders_20,17代국회 이끌 뉴리더,expert_vote_party_quota_top20,expert_panel_vote_party_quota,politics,,False,25,expert_vote_count,3,,2,3,True,1,advanced,True,False,False,khan_2004_17th_assembly_newleaders_peak_master_v1_0
pl-3d0b48cc87a72e,ko-68652fd70d9a,박진,,박진,경향신문,2004-05-05,2004,khan_2004_17th_assembly_newleaders_20,17代국회 이끌 뉴리더,expert_vote_party_quota_top20,expert_panel_vote_party_quota,politics,,False,,,5,,2,3,True,1,advanced,True,False,False,khan_2004_17th_assembly_newleaders_peak_master_v1_0
pl-6e68fb29dc8a13,ko-eba88e1b9cbe,남경필,,남경필,경향신문,2004-05-05,2004,khan_2004_17th_assembly_newleaders_20,17代국회 이끌 뉴리더,expert_vote_party_quota_top20,expert_panel_vote_party_quota,politics,,False,,,,,2,3,True,1,advanced,True,False,False,khan_2004_17th_assembly_newleaders_peak_master_v1_0
pl-bbd0db0e8eba40,ko-9814a41c06b0,박세일,,박세일,경향신문,2004-05-05,2004,khan_2004_17th_assembly_newleaders_20,17代국회 이끌 뉴리더,expert_vote_party_quota_top20,expert_panel_vote_party_quota,politics,,False,,,,,4,3,True,-1,lower_than_baseline,True,False,False,khan_2004_17th_assembly_newleaders_peak_master_v1_0
pl-cc2f2cc53d8aa2,ko-adb56e66853b,김문수,,김문수,경향신문,2004-05-05,2004,khan_2004_17th_assembly_newleaders_20,17代국회 이끌 뉴리더,expert_vote_party_quota_top20,expert_panel_vote_party_quota,politics,,False,,,,,2,4,True,2,advanced,True,True,False,khan_2004_17th_assembly_newleaders_peak_master_v1_0
pl-e9d0888b25a9ec,ko-c7e87e99afd8,권오을,,권오을,경향신문,2004-05-05,2004,khan_2004_17th_assembly_newleaders_20,17代국회 이끌 뉴리더,expert_vote_party_quota_top20,expert_panel_vote_party_quota,politics,,False,,,15,,2,3,True,1,advanced,True,False,False,khan_2004_17th_assembly_newleaders_peak_master_v1_0
pl-d477a3659c7020,ko-ceafd9f11a8a,심재철,,심재철,경향신문,2004-05-05,2004,khan_2004_17th_assembly_newleaders_20,17代국회 이끌 뉴리더,expert_vote_party_quota_top20,expert_panel_vote_party_quota,politics,,False,,,18,,2,3,True,1,advanced,True,False,False,khan_2004_17th_assembly_newleaders_peak_master_v1_0
pl-b68a340f245889,ko-8f108d13b87d,전재희,,전재희,경향신문,2004-05-05,2004,khan_2004_17th_assembly_newleaders_20,17代국회 이끌 뉴리더,expert_vote_party_quota_top20,expert_panel_vote_party_quota,politics,,False,,,11,,2,3,True,1,advanced,True,False,False,khan_2004_17th_assembly_newleaders_peak_master_v1_0
pl-18681cb37c1bcf,ko-3be30f271d52,노회찬,,노회찬,경향신문,2004-05-05,2004,khan_2004_17th_assembly_newleaders_20,17代국회 이끌 뉴리더,expert_vote_party_quota_top20,expert_panel_vote_party_quota,politics,,False,29,expert_vote_count,1,,2,3,True,1,advanced,True,False,False,khan_2004_17th_assembly_newleaders_peak_master_v1_0
pl-fd3fc8aa1efb9e,ko-83c1d16963ea,조승수,,조승수,경향신문,2004-05-05,2004,khan_2004_17th_assembly_newleaders_20,17代국회 이끌 뉴리더,expert_vote_party_quota_top20,expert_panel_vote_party_quota,politics,,False,,,20,,2,3,True,1,advanced,True,False,False,khan_2004_17th_assembly_newleaders_peak_master_v1_0
